<?xml version="1.0" encoding="UTF-8"?>
<project-private xmlns="http://www.netbeans.org/ns/project-private/1">
    <editor-bookmarks xmlns="http://www.netbeans.org/ns/editor-bookmarks/2" lastBookmarkId="0"/>
    <open-files xmlns="http://www.netbeans.org/ns/projectui-open-files/2">
        <group>
            <file>file:/C:/xampp/htdocs/csystem_content/application/views/down_contenido.php</file>
            <file>file:/C:/xampp/htdocs/csystem_content/application/controllers/up_cont.php</file>
            <file>file:/C:/xampp/htdocs/csystem_content/application/views/up_contenido.php</file>
            <file>file:/C:/xampp/htdocs/csystem_content/application/models/session.php</file>
            <file>file:/C:/xampp/htdocs/csystem_content/application/controllers/login.php</file>
            <file>file:/C:/xampp/htdocs/csystem_content/application/controllers/logout.php</file>
            <file>file:/C:/xampp/htdocs/csystem_content/index.php</file>
        </group>
    </open-files>
</project-private>
